,rmse,mape,R,elapsed_time
0,0.1123485940100846,3870751010996.4033,0.760238164829739,1.1666917085647583
