,rmse,mape,R,elapsed_time
0,0.13858594954950293,4951056245575.927,0.569823716419908,1.0911364078521728
