,rmse,mape,R,elapsed_time
0,0.1260403083679714,4281897701516.5205,0.6983883020129719,1.0790854454040528
