,rmse,mape,R,elapsed_time
0,0.11972708952851899,4151864354407.021,0.7275425162301283,1.0609974145889283
