loss,val_loss
0.003503545420244336,0.0014220563462004066
0.0006913339602760971,0.000634409487247467
0.0003335323999635875,0.0003655389591585845
0.0002078684192383662,0.00026178202824667096
0.0001526820269646123,0.00021291695884428918
0.0001225332816829905,0.00018381705740466714
0.00010486665996722877,0.00016589973529335111
9.340167889604345e-05,0.00015270723088178784
8.486586739309132e-05,0.0001418738829670474
7.796617137501016e-05,0.00013213341298978776
