,rmse,mape,R,elapsed_time
0,0.2187716037650817,2657482401063.415,0.29209047663156584,1.128533935546875
