,rmse,mape,R,elapsed_time
0,0.2622429896022173,1656257760781.2847,0.15168986448079297,0.9860228300094604
