,rmse,mape,R,elapsed_time
0,0.13967049351976663,3787133325532.4126,0.5995350517316673,1.0854028463363647
