,rmse,mape,R,elapsed_time
0,0.17851891412360546,3949389402891.9062,0.37917908746614726,0.9546292066574097
