,rmse,mape,R,elapsed_time
0,0.2592972947258022,2894378286865.073,0.19521372503623807,0.9863173961639404
