,rmse,mape,R,elapsed_time
0,0.1675165971843215,3795524225054.622,0.42816129349723486,1.0655487537384034
