,rmse,mape,R,elapsed_time
0,0.15030573410868808,4016622459210.31,0.6250795524153908,1.0005806922912597
