,rmse,mape,R,elapsed_time
0,0.11563555015529818,3885577098155.6772,0.7727261839215426,0.9624474287033081
