,rmse,mape,R,elapsed_time
0,0.11581641890121733,3904005458190.346,0.7715218480236173,0.9820261716842651
