,rmse,mape,R,elapsed_time
0,0.2287023208043156,2294725390676.4336,0.39318322379408743,1.01202392578125
