,rmse,mape,R,elapsed_time
0,0.1145031115087111,3847212126827.974,0.7514249612932221,1.040502119064331
