loss,val_loss
0.0010707833571359515,0.00029670438379980624
0.00012078392319381237,0.00017047292203642428
8.50010837893933e-05,0.00012782173871528357
6.378609396051615e-05,9.865470201475546e-05
4.903605076833628e-05,8.019663800951093e-05
4.0488979720976204e-05,6.892243982292712e-05
3.5926503187511116e-05,6.295810453593731e-05
3.3102394809247926e-05,5.850357410963625e-05
3.109948738710955e-05,5.5586977396160364e-05
2.960454730782658e-05,5.2841813158011064e-05
