loss,val_loss
0.011019954457879066,0.0017553085926920176
0.0008109501795843244,0.0006722752004861832
0.00035847563412971795,0.00041718315333127975
0.00023755595611874014,0.00033183436607941985
0.0001809074601624161,0.00024790677707642317
0.00014134722005110234,0.000215826032217592
0.00011679072486003861,0.00018971746612805873
9.874396346276626e-05,0.00016170190065167844
8.489561878377572e-05,0.00013809594383928925
7.386907236650586e-05,0.00011932942288694903
