loss,val_loss
0.005820689257234335,0.009374638088047504
0.0009718862129375339,0.002626728033646941
0.00035641377326101065,0.0012021659640595317
0.00021491307415999472,0.0006991486297920346
0.0001564628182677552,0.0004717879928648472
0.00012621474161278456,0.0003553139104042202
0.00010903516522375867,0.0002899153914768249
9.881639562081546e-05,0.0002504731819499284
9.26195498323068e-05,0.0002254916907986626
8.884001726983115e-05,0.00020923973352182657
