loss,val_loss
0.0009461884619668126,0.00031738050165586174
0.00014958612155169249,0.0002132211666321382
0.00010233266220893711,0.0001511096634203568
7.57774687372148e-05,0.00011283147614449263
5.782741209259257e-05,8.951876225182787e-05
4.65164594061207e-05,7.330071093747392e-05
3.998827378381975e-05,6.521491013700143e-05
3.609339182730764e-05,5.954006701358594e-05
3.3458942198194563e-05,5.63721769140102e-05
3.143079447909258e-05,5.3373456466943026e-05
