loss,val_loss
0.06098758429288864,0.018660826608538628
0.006514115259051323,0.006267729215323925
0.0027607257943600416,0.00224660849198699
0.0014856407651677728,0.0010968595743179321
0.0009518665028735995,0.0008562010480090976
0.0006972450064495206,0.0007376901339739561
0.0005512069328688085,0.0006541669717989862
0.0004572606412693858,0.000570642645470798
0.0003833554219454527,0.0004913504817523062
0.00032222719164565206,0.0004236430977471173
