loss,val_loss
0.00020993873476982117,0.000117645671707578
4.7595669457223266e-05,5.882567347725853e-05
2.9464627004927024e-05,4.662769060814753e-05
2.589146424725186e-05,4.4365770008880645e-05
2.4519942598999478e-05,4.274535967851989e-05
2.362465784244705e-05,4.100943624507636e-05
2.304176814504899e-05,4.0072303818305954e-05
2.2511983843287453e-05,3.936903158319183e-05
2.218953704868909e-05,3.8578738895012066e-05
2.1870053387829103e-05,3.89880697184708e-05
