loss,val_loss
0.000724243582226336,0.00022645315038971603
8.611074008513242e-05,0.00014642711903434247
5.725549999624491e-05,0.00010243045107927173
4.263658047420904e-05,7.776469283271581e-05
3.5152341297362e-05,6.5190892200917e-05
3.1489260436501354e-05,5.750675336457789e-05
2.9396645913948305e-05,5.322199285728857e-05
2.797985143843107e-05,5.0793962145689875e-05
2.689767279662192e-05,4.83201329188887e-05
2.604974724818021e-05,4.6726334403501824e-05
