loss,val_loss
0.0011647845385596156,0.0004092763992957771
0.00016402153414674103,0.0002606257621664554
0.00011465141869848594,0.00019957478798460215
8.833283209241927e-05,0.0001584361889399588
6.933829718036577e-05,0.00012517356663011014
5.588464773609303e-05,0.00010346867929911241
4.748960418510251e-05,8.656453428557143e-05
4.2143419705098495e-05,7.722797454334795e-05
3.866101542371325e-05,7.123383693397045e-05
3.611745705711655e-05,6.700295489281416e-05
