layer_1_neurons,layer_2_neurons,epochs,learning_rate,batch_size,elapsed_time,val_rmse,val_mape,val_R2_score,val_R,test_rmse,test_mape,test_R2_score,test_R
100,75,500,0.0001,4098,506.6939055919647,197617.48133199147,0.2153705507516861,0.8055902719497681,0.8987528229872188,281345.0191064345,0.301765501499176,0.6818370819091797,0.8311053764558429
