neurons,epochs,learning_rate,batch_size,elapsed_time,val_rmse,val_mape,val_R2_score,val_R,test_rmse,test_mape,test_R2_score,test_R
10,100,0.0001,4098,88.89871215820312,227140.73367848402,0.2275911420583725,0.7431632280349731,0.8621615173614531,337558.3640676083,0.4328368306159973,0.5419964790344238,0.7553626715074229
25,100,0.0001,4098,88.72385931015015,212084.92427327312,0.21473678946495056,0.7760831117630005,0.8812196036117594,305585.04843005654,0.2983350455760956,0.6246509552001953,0.7923573672463805
50,75,0.0001,4098,68.36309933662415,211738.34902539503,0.20810265839099884,0.776814341545105,0.8814744858474689,295545.7911864082,0.2956112027168274,0.648908257484436,0.8076489949185746
75,100,0.0001,4098,91.28179693222046,207776.46080343172,0.18650905787944794,0.7850883603096008,0.8866381012725278,292197.1849282604,0.25937214493751526,0.6568191051483154,0.8112686483354937
100,125,0.0001,4098,113.05743598937988,206861.2272998495,0.18952924013137817,0.7869775295257568,0.8878177508636018,282958.3529496876,0.23050382733345032,0.6781777143478394,0.823622327152342
125,100,0.0001,4098,91.68275785446167,210385.05559093307,0.2128026932477951,0.7796581387519836,0.8829921188710983,293132.492310218,0.30525946617126465,0.6546186208724976,0.8113054986107205
