loss,val_loss
0.007197526749223471,0.0009414887172169983
0.0005867514410056174,0.00046423455933108926
0.000301999127259478,0.0003412993100937456
0.00018479740538168699,0.0002542685833759606
0.00013169882004149258,0.0002063374558929354
0.00010854134598048404,0.00018046498007606715
9.367270831717178e-05,0.00015975654241628945
8.436116331722587e-05,0.00014544006262440234
7.828914385754615e-05,0.0001354274427285418
7.346733036683872e-05,0.00012734525080304593
