loss,val_loss
0.0016579555813223124,0.0006229261634871364
0.00021453452063724399,0.0004106166597921401
0.0001374028215650469,0.00028481901972554624
9.801524720387533e-05,0.0002047648886218667
7.829791866242886e-05,0.00016425079957116395
6.66634296067059e-05,0.00014621377340517938
5.9283327573211864e-05,0.00012930145021528006
5.447345392894931e-05,0.00011829942377517
5.064523429609835e-05,0.00010858042514882982
4.736855407827534e-05,0.00010312378435628489
