loss,val_loss
0.002906910376623273,0.000868555682245642
0.00040234692278318107,0.0003733352350536734
0.00017428313731215894,0.00019693402282427996
0.0001102206006180495,0.0001402512425556779
8.573427476221696e-05,0.0001201112536364235
7.360494055319577e-05,0.0001084914110833779
6.610904529225081e-05,9.92968853097409e-05
6.0783655499108136e-05,9.259130456484854e-05
5.659447924699634e-05,8.701100159669295e-05
5.30947363586165e-05,8.27693656901829e-05
