loss,val_loss
0.09882064908742905,0.0905136838555336
0.05012023076415062,0.05749087780714035
0.03233706206083298,0.036159031093120575
0.019635189324617386,0.0217520110309124
0.01132701151072979,0.012847059406340122
0.006421366240829229,0.007783523760735989
0.0038506791461259127,0.0051100971177220345
0.002613437594845891,0.00371167971752584
0.0020030871964991093,0.0029267051722854376
0.0016465866938233376,0.0024288182612508535
