loss,val_loss
0.6758867502212524,0.5970070958137512
0.16602540016174316,0.12699468433856964
0.04602949321269989,0.04184689745306969
0.028883522376418114,0.02811448462307453
0.021255096420645714,0.020090989768505096
0.014102914370596409,0.009904477745294571
0.006992206443101168,0.0033796390052884817
0.003766440786421299,0.0030180870089679956
0.002933316398411989,0.0030799300875514746
0.0021633149590343237,0.0030292836017906666
