loss,val_loss
0.0013000756734982133,0.000460614450275898
0.00019776732369791716,0.00023271256941370666
0.00010790284432005137,0.00018262678349856287
8.076713857008144e-05,0.00014704772911500186
6.609628326259553e-05,0.00012705042900051922
5.7186542107956484e-05,0.00010910603305092081
5.108976984047331e-05,9.40523314056918e-05
4.648912727134302e-05,8.534896187484264e-05
4.303178138798103e-05,7.621826080139726e-05
4.028181137982756e-05,7.145838753785938e-05
