loss,val_loss
0.16709452867507935,0.1626405417919159
0.07317676395177841,0.07989733666181564
0.04013419151306152,0.04398571699857712
0.021062014624476433,0.024482300505042076
0.010291151702404022,0.013304774649441242
0.004819047171622515,0.007087855599820614
0.0023467300925403833,0.003913090098649263
0.0013223246205598116,0.00241964403539896
0.0009064453770406544,0.001739459577947855
0.0007208156166598201,0.0014265822246670723
