loss,val_loss
0.03455527126789093,0.004252784885466099
0.0020235732663422823,0.0011140661081299186
0.0007653283537365496,0.0008513059001415968
0.000537163286935538,0.0006714200717397034
0.0003876363334711641,0.000542527181096375
0.00028826112975366414,0.000444848119514063
0.00022260799596551806,0.00036818860098719597
0.00017866231792140752,0.00030910607893019915
0.00014795716560911387,0.0002612128737382591
0.00012545406934805214,0.0002236700674984604
