loss,val_loss
0.031108476221561432,0.016856197267770767
0.009614130482077599,0.007054871879518032
0.0028558094054460526,0.0030962994787842035
0.0012859492562711239,0.0018600993789732456
0.0008828411228023469,0.0013452722923830152
0.0006722297985106707,0.0010950975120067596
0.0005303253419697285,0.0009251743904314935
0.0004435722657945007,0.0008111021597869694
0.00038721103919669986,0.0007468833937309682
0.0003450201475061476,0.0006903560715727508
