loss,val_loss
0.0009462078451178968,0.00031742709688842297
0.00012597265595104545,0.00016798234719317406
7.445662777172402e-05,0.00012737218639813364
5.7480614486848935e-05,0.00010328952339477837
4.814046042156406e-05,8.980121492641047e-05
4.249443009030074e-05,8.039076055865735e-05
3.868354906444438e-05,7.425437797792256e-05
3.591203858377412e-05,6.87203137204051e-05
3.380926500540227e-05,6.502744508907199e-05
3.213694435544312e-05,6.148350075818598e-05
