loss,val_loss
0.008465650491416454,0.0010791521053761244
0.0007804979686625302,0.000603675318416208
0.00037989692646078765,0.0003467278729658574
0.0002381684898864478,0.00028199193184264004
0.0001766901114024222,0.00024468355695717037
0.0001430496049579233,0.00020809893612749875
0.00012003919255221263,0.00017764486256055534
0.00010402611223980784,0.0001567008439451456
9.255790791939944e-05,0.0001420485059497878
8.386531408177689e-05,0.00012937912833876908
