loss,val_loss
0.0293685644865036,0.007341715972870588
0.0032500720117241144,0.0028530347626656294
0.001487385481595993,0.0012636203318834305
0.0008701670449227095,0.000812490179669112
0.0005575522081926465,0.000523045368026942
0.0003832602233160287,0.00042088262853212655
0.00030325635452754796,0.00036877801176160574
0.00025528736296109855,0.0003364729054737836
0.0002183957549277693,0.0003101336769759655
0.0001884058874566108,0.0002867244475055486
