neurons,epochs,learning_rate,batch_size,elapsed_time,val_rmse,val_mape,val_R2_score,val_R,test_rmse,test_mape,test_R2_score,test_R
125,500,0.0001,4098,453.6882951259613,197080.0582910407,0.18159769475460052,0.8066462874412537,0.898294085957488,273850.0546211375,0.22762805223464966,0.6985628604888916,0.8363144149823531
