neurons,epochs,learning_rate,batch_size,elapsed_time,val_rmse,val_mape,val_R2_score,val_R,test_rmse,test_mape,test_R2_score,test_R
100,125,0.0001,4098,113.05743598937988,206861.2272998495,0.18952924013137817,0.7869775295257568,0.8878177508636018,282958.3529496876,0.23050382733345032,0.6781777143478394,0.823622327152342
